INSERT INTO departments (name) 
    VALUES
        ('Managers'),
        ('Front-end'),
        ('Back-end');




INSERT INTO roles (role_id, job_title, department, salary)
VALUES
    ('a', 'b', 'c', 'd'),
    ('a', 'b', 'c', 'd'),
    ('a', 'b', 'c', 'd'),
    ('a', 'b', 'c', 'd'),
    ('a', 'b', 'c', 'd'),
    ('a', 'b', 'c', 'd'),
    ('a', 'b', 'c', 'd'),
    ('a', 'b', 'c', 'd'),
    ('a', 'b', 'c', 'd'),
    ('a', 'b', 'c', 'd');



INSERT INTO employees (first_name, last_name, job_title, department, salary, manager)
VALUES
  ('James', 'Fraser', 'Lead Front-end Engineer', 'Front-end', '100000', 'Jack'),
  ('Jack', 'London', 'Front-end Manager', 'Managers', '120000', NULL),
  ('Robert', 'Bruce', 'Front-end Engineer', 'Front-end', '60000', 'Jack'),
  ('Peter', 'Greenaway', 'Front-end Engineer', 'Front-end', '60000', 'Jack'),
  ('Derek', 'Jarman', 'Back-end Engineer', 'Back-end', '70000', 'Sandy'),
  ('Paolo', 'Pasolini', 'Lead Back-end Engineer', 'Back-end', '110000', 'Sandy'),
  ('Heathcote', 'Williams', 'Front-end Engineer', 'Front-end', '60000', 'Jack'),
  ('Sandy', 'Powell', 'Back-end Manager', 'Managers', '120000', NULL),
  ('Emil', 'Zola', 'Back-end Engineer', 'Back-end', '70000', 'Sandy'),
  ('Sissy', 'Coalpits', 'Back-end Engineer', 'Back-end', '70000', 'Sandy'),
  ('Antoinette', 'Capet', 'Back-end Engineer', 'Back-end', '70000', 'Sandy');


--   ('Samuel', 'Delany', 'sdelany@dhalgren.com'),
--   ('Tony', 'Duvert', 'tduvert@frenchletters.edu'),
--   ('Dennis', 'Cooper', 'dcooper@georgemiles.com'),
--   ('Monica', 'Bellucci', 'mbell@irreverisble.net'),
--   ('Samuel', 'Johnson', 'sjohnson@boswell.com'),
--   ('John', 'Dryden', 'jdryden@restoration.net'),
--   ('Alexander', 'Pope', 'apope@cambridge.uk.edu'),
--   ('Lionel', 'Johnson', 'ljohnson@darkangel.com'),
--   ('Aubrey', 'Beardsley', 'abeardsely@wilde.net'),
--   ('Tulse', 'Luper', 'tluper@films.net'),
--   ('William', 'Morris', 'wmorris@victoriana.com'),
--   ('George', 'Shaw', 'gshaw@labor.uk'),
--   ('Arnold', 'Bennett', 'abennett@poemsgalore.com'),
--   ('Algernon', 'Blackwood', 'ablack@creepy.net'),
--   ('Rhoda', 'Broughton', 'rb@feminist.com'),
--   ('Hart', 'Crane', 'hcrane@schwesters.de'),
--   ('Vitorio', 'DeSica', 'vdesica@italiano.net'),
--   ('Wilkie', 'Collins', 'wcollins@madmonkton.com'),
--   ('Elizabeth', 'Gaskell', 'egaskell@pages.net'),
--   ('George', 'Sand', 'gsand@pride.com'),
--   ('Vernon', 'Lee', 'vlee@spooks.net'),
--   ('Arthur', 'Machen', 'amach@spirits.com'),
--   ('Frederick', 'Marryat', 'fmarry@boats.net'),
--   ('Harriet', 'Martineau', 'hmartineau@journalism.com'),
--   ('George', 'Meredith', 'gm@egoist.uk'),
--   ('Margaret', 'Oliphant', 'moli@victoriana.com'),
--   ('Anthony', 'Trollope', 'atrollope@barchester.com'),
--   ('Charlotte', 'Yonge', 'cyonge@newday.com'),
--   ('Horace', 'Walpole', 'hwal@otranto.net'),
--   ('Matthew', 'Lewis', 'mlewis@monk.com'),
--   ('William', 'Bedford', 'wbed@grandtour.net'),
--   ('Anne', 'Radcliffe', 'arad@udolpho.uk'),
--   ('Charles', 'Brown', 'cbrown@wieland.us'),
--   ('Eliza', 'Parsons', 'lizzie@fierce.net'),
--   ('Susan', 'Hill', 'shill@womaninblack.net'),
--   ('Sydney', 'Owenson', 'Sowen@think.net'),
--   ('Hubert', 'Crackanthorpe', 'hcrackan@goodletters.com'),
--   ('William', 'Carleton', 'wcarleton@literature.com'),
--   ('Gerald', 'Griffin', 'ggriff@lit.net'),
--   ('Ronald', 'Firbank', rfirbank@gmail.com),
--   ('Virginia', 'Woolf', vWoolf@gmail.com),
--   ('Piers', 'Gaveston', pgaveston@gmail.com),
--   ('Charles', 'LeRoi', cleroi@gmail.com),
--   ('Katherine', 'Mansfield', kmansfield@gmail.com),
--   ('Dora', 'Carrington', dcarringtion@gmail.com),
--   ('Edward', 'Bellamy', ebellamy@gmail.com),
--   ('Montague', 'Summers', msummers@gmail.com),
--   ('Octavia', 'Butler', obutler@gmail.com),
--   ('Unica', 'Zurn', uzurn@gmail.com);